{
  "name": "Jen Jeng",
  "currentTitle": "Innovation Partner | Working with SMEs and organisations to design human-centred, future-ready growth in an AI-powered World",
  "targetTitles": [
    "Head of Innovation and Venture Design",
    "Innovation & Design Lead",
    "Senior Innovation Management Consultant"
  ],
  "location": "United Kingdom",
  "remote": "Flexible",
  "availability": "Available Now",
  "salaryExpectation": "£100k+ or day rate",
  "linkedIn": "https://www.linkedin.com/in/jenjeng/",
  "github": "",
  "elevatorPitch": "Experienced business strategist and innovation management consultant with over 20 years of experience in agencies, consultancies, and in-house enterprise companies. I worked with ambitious change leaders and founders across a wide range of sectors—large FMCG, media, telecoms, retail, government, to University and scaling startups.",
  "careerNarrative": "I blend a human-centred and structured approach (enhanced by AI tools) to unlock growth by defining, designing and launching products, services and ventures. My work ranges from facilitating strategy workshops to align teams, delivering design sprints to expedite processes, to developing business models and experiments to validate ideas and product-market fit and innovation processes to solving complex problems and to delivering transformation.",
  "lookingFor": [
    "Innovation and innovation management roles",
    "Setting up innovation and venture functions",
    "Help C-suite build innovative companies",
    "Organisation transformation and re-design"
  ],
  "notLookingFor": [
    "Marketing and advertising roles",
    "Heavy travel requirements",
    "Roles with excessive reporting layers"
  ],
  "languages": [
    { "language": "English", "proficiency": "Native" },
    { "language": "Mandarin", "proficiency": "Native" }
  ]
}
